insert into recipe (recipe_id, name, image_path, description) values(0, 'pizza 1', 'https://qph.fs.quoracdn.net/main-qimg-4f28cde3a5aed1163cb32b0da9082f6b-c', 'parmesan pizza');
insert into recipe (recipe_id, name, image_path, description) values(1, 'pizza 2', 'https://qph.fs.quoracdn.net/main-qimg-4f28cde3a5aed1163cb32b0da9082f6b-c', 'mozzarella pizza');
insert into recipe (recipe_id, name, image_path, description) values(2, 'pizza 3', 'https://qph.fs.quoracdn.net/main-qimg-4f28cde3a5aed1163cb32b0da9082f6b-c', 'test3 pizza');
insert into recipe (recipe_id, name, image_path, description) values(3, 'pizza 4', 'https://qph.fs.quoracdn.net/main-qimg-4f28cde3a5aed1163cb32b0da9082f6b-c', 'test4 pizza');
insert into recipe (recipe_id, name, image_path, description) values(4, 'pizza 5', 'https://qph.fs.quoracdn.net/main-qimg-4f28cde3a5aed1163cb32b0da9082f6b-c', 'test5 pizza');
insert into recipe (recipe_id, name, image_path, description) values(5, 'pizza 6', 'https://qph.fs.quoracdn.net/main-qimg-4f28cde3a5aed1163cb32b0da9082f6b-c', 'test6 pizza');
insert into recipe (recipe_id, name, image_path, description) values(6, 'pizza 7', 'https://qph.fs.quoracdn.net/main-qimg-4f28cde3a5aed1163cb32b0da9082f6b-c', 'test7 pizza');
insert into recipe (recipe_id, name, image_path, description) values(7, 'pizza 8', 'https://qph.fs.quoracdn.net/main-qimg-4f28cde3a5aed1163cb32b0da9082f6b-c', 'test8 pizza');
insert into recipe (recipe_id, name, image_path, description) values(8, 'pizza 9', 'https://qph.fs.quoracdn.net/main-qimg-4f28cde3a5aed1163cb32b0da9082f6b-c', 'test9 pizza');
insert into recipe (recipe_id, name, image_path, description) values(9, 'pizza 10', 'https://qph.fs.quoracdn.net/main-qimg-4f28cde3a5aed1163cb32b0da9082f6b-c', 'test10 pizza');
insert into recipe (recipe_id, name, image_path, description) values(10, 'pizza 11', 'https://qph.fs.quoracdn.net/main-qimg-4f28cde3a5aed1163cb32b0da9082f6b-c', 'test11 pizza');
insert into recipe (recipe_id, name, image_path, description) values(11, 'pizza 12', 'https://qph.fs.quoracdn.net/main-qimg-4f28cde3a5aed1163cb32b0da9082f6b-c', 'test12 pizza');
insert into recipe (recipe_id, name, image_path, description) values(12, 'pizza 13', 'https://qph.fs.quoracdn.net/main-qimg-4f28cde3a5aed1163cb32b0da9082f6b-c', 'test13 pizza');
insert into recipe (recipe_id, name, image_path, description) values(13, 'pizza 4', 'https://qph.fs.quoracdn.net/main-qimg-4f28cde3a5aed1163cb32b0da9082f6b-c', 'test4 pizza');
insert into recipe (recipe_id, name, image_path, description) values(14, 'pizza 5', 'https://qph.fs.quoracdn.net/main-qimg-4f28cde3a5aed1163cb32b0da9082f6b-c', 'test5 pizza');
insert into recipe (recipe_id, name, image_path, description) values(15, 'pizza 6', 'https://qph.fs.quoracdn.net/main-qimg-4f28cde3a5aed1163cb32b0da9082f6b-c', 'test6 pizza');
insert into recipe (recipe_id, name, image_path, description) values(16, 'pizza 7', 'https://qph.fs.quoracdn.net/main-qimg-4f28cde3a5aed1163cb32b0da9082f6b-c', 'test7 pizza');
insert into recipe (recipe_id, name, image_path, description) values(17, 'pizza 8', 'https://qph.fs.quoracdn.net/main-qimg-4f28cde3a5aed1163cb32b0da9082f6b-c', 'test8 pizza');
insert into recipe (recipe_id, name, image_path, description) values(18, 'pizza 9', 'https://qph.fs.quoracdn.net/main-qimg-4f28cde3a5aed1163cb32b0da9082f6b-c', 'test9 pizza');
insert into recipe (recipe_id, name, image_path, description) values(19, 'pizza 10', 'https://qph.fs.quoracdn.net/main-qimg-4f28cde3a5aed1163cb32b0da9082f6b-c', 'test10 pizza');
insert into recipe (recipe_id, name, image_path, description) values(20, 'pizza 11', 'https://qph.fs.quoracdn.net/main-qimg-4f28cde3a5aed1163cb32b0da9082f6b-c', 'test11 pizza');
insert into recipe (recipe_id, name, image_path, description) values(21, 'pizza 12', 'https://qph.fs.quoracdn.net/main-qimg-4f28cde3a5aed1163cb32b0da9082f6b-c', 'test12 pizza');
insert into recipe (recipe_id, name, image_path, description) values(22, 'pizza 13', 'https://qph.fs.quoracdn.net/main-qimg-4f28cde3a5aed1163cb32b0da9082f6b-c', 'test13 pizza');
insert into recipe (recipe_id, name, image_path, description) values(23, 'pizza 4', 'https://qph.fs.quoracdn.net/main-qimg-4f28cde3a5aed1163cb32b0da9082f6b-c', 'test4 pizza');
insert into recipe (recipe_id, name, image_path, description) values(24, 'pizza 5', 'https://qph.fs.quoracdn.net/main-qimg-4f28cde3a5aed1163cb32b0da9082f6b-c', 'test5 pizza');
insert into recipe (recipe_id, name, image_path, description) values(25, 'pizza 6', 'https://qph.fs.quoracdn.net/main-qimg-4f28cde3a5aed1163cb32b0da9082f6b-c', 'test6 pizza');
insert into recipe (recipe_id, name, image_path, description) values(26, 'pizza 7', 'https://qph.fs.quoracdn.net/main-qimg-4f28cde3a5aed1163cb32b0da9082f6b-c', 'test7 pizza');
insert into recipe (recipe_id, name, image_path, description) values(27, 'pizza 8', 'https://qph.fs.quoracdn.net/main-qimg-4f28cde3a5aed1163cb32b0da9082f6b-c', 'test8 pizza');
insert into recipe (recipe_id, name, image_path, description) values(28, 'pizza 9', 'https://qph.fs.quoracdn.net/main-qimg-4f28cde3a5aed1163cb32b0da9082f6b-c', 'test9 pizza');
insert into recipe (recipe_id, name, image_path, description) values(29, 'pizza 10', 'https://qph.fs.quoracdn.net/main-qimg-4f28cde3a5aed1163cb32b0da9082f6b-c', 'test10 pizza');
insert into recipe (recipe_id, name, image_path, description) values(30, 'pizza 11', 'https://qph.fs.quoracdn.net/main-qimg-4f28cde3a5aed1163cb32b0da9082f6b-c', 'test11 pizza');
insert into recipe (recipe_id, name, image_path, description) values(31, 'pizza 12', 'https://qph.fs.quoracdn.net/main-qimg-4f28cde3a5aed1163cb32b0da9082f6b-c', 'test12 pizza');
insert into recipe (recipe_id, name, image_path, description) values(32, 'pizza 13', 'https://qph.fs.quoracdn.net/main-qimg-4f28cde3a5aed1163cb32b0da9082f6b-c', 'test13 pizza');
insert into recipe (recipe_id, name, image_path, description) values(33, 'Beef Steak - Foodica', 'http://demo.wpzoom.com/foodica/files/2013/01/photodune-1917628-beef-steak-s-750x500.jpg', 'super tasty meat');
insert into ingredient (id, amount, name, units, recipe_id) values(0, 200, 'parmesan', 'GRAMS', 0);
insert into ingredient (id, amount, name, units, recipe_id) values(1, 2, 'tomato', 'ITEMS', 0);
insert into ingredient (id, amount, name, units, recipe_id) values(2, 100, 'pesto', 'GRAMS', 0);

insert into ingredient (id, amount, name, units, recipe_id) values(3, 200, 'mozzarella', 'GRAMS', 1);
insert into ingredient (id, amount, name, units, recipe_id) values(4, 2, 'tomato', 'ITEMS', 1);
insert into ingredient (id, amount, name, units, recipe_id) values(5, 100, 'pesto', 'GRAMS', 1);

insert into ingredient (id, amount, name, units, recipe_id) values(7, 200, 'mozzarella', 'GRAMS', 2);
insert into ingredient (id, amount, name, units, recipe_id) values(8, 2, 'tomato', 'ITEMS', 2);
insert into ingredient (id, amount, name, units, recipe_id) values(9, 100, 'pesto', 'GRAMS', 2);

insert into ingredient (id, amount, name, units, recipe_id) values(10, 200, 'mozzarella', 'GRAMS', 3);
insert into ingredient (id, amount, name, units, recipe_id) values(11, 2, 'tomato', 'ITEMS', 3);
insert into ingredient (id, amount, name, units, recipe_id) values(12, 100, 'pesto', 'GRAMS', 3);

insert into ingredient (id, amount, name, units, recipe_id) values(13, 200, 'mozzarella', 'GRAMS', 4);
insert into ingredient (id, amount, name, units, recipe_id) values(14, 2, 'tomato', 'ITEMS', 4);
insert into ingredient (id, amount, name, units, recipe_id) values(15, 100, 'pesto', 'GRAMS', 4);

insert into ingredient (id, amount, name, units, recipe_id) values(16, 200, 'mozzarella', 'GRAMS', 5);
insert into ingredient (id, amount, name, units, recipe_id) values(17, 2, 'tomato', 'ITEMS', 5);
insert into ingredient (id, amount, name, units, recipe_id) values(18, 100, 'pesto', 'GRAMS', 5);



INSERT INTO role (id, role_name, description) VALUES (0, 'USER', 'Standard UserModel - Has no admin rights');
INSERT INTO role (id, role_name, description) VALUES (1, 'ADMIN', 'Admin UserModel - Has permission to perform admin tasks');



INSERT INTO users (id, first_name, last_name, password, email) VALUES (0, 'User', 'User', '$2a$10$ZxOln7rytMt64ku1uRRSOeENIcWkogmlUWtG4cvfHXEYp2W8b5.3C', 'user@gmail.com');
INSERT INTO users (id, first_name, last_name, password, email) VALUES (1, 'Admin', 'Admin', '$2a$10$ZxOln7rytMt64ku1uRRSOeENIcWkogmlUWtG4cvfHXEYp2W8b5.3C', 'admin@gmail.com');


INSERT INTO user_role(user_id, role_id) VALUES(0,0);
INSERT INTO user_role(user_id, role_id) VALUES(1,1);


insert into ingredient (id, amount, name, units, user_id) values(19, 200, 'mozzarella', 'GRAMS', 0);
insert into ingredient (id, amount, name, units, user_id) values(20, 2, 'tomato', 'ITEMS', 0);
insert into ingredient (id, amount, name, units, user_id) values(21, 100, 'pesto', 'GRAMS', 0);
